{
    "now": "2022-12-06T15:21:25.517Z",
    "perfNow": 384416.10000014305,
    "diagnosticCorrelation": "70b3bba8-9ef6-4d34-8137-8a6643f92b1d",
    "source": "DownloadSupportFiles",
    "environment": {
        "productName": "adf",
        "buildVersion": "1.0.113022.16",
        "environmentType": 3,
        "resourceName": "hackadfingest",
        "resourceRegion": "eastus",
        "resourceGroup": "hack_rg",
        "subscriptionId": "e4c0693e-a1de-4ed0-9057-90afc538d5ff",
        "sessionId": "v8K56",
        "operationId": "xAvD+",
        "gitType": "live"
    },
    "additionalInfo": {
        "selectedResource": "PL_LOAD_GOLD_SQLDB",
        "selectedResourceType": "pipeline"
    }
}