{
    "name": "PL_LOAD_BRONZE_TO_SILVER_TO_GOLD",
    "properties": {
        "activities": [
            {
                "name": "BONZE_TO_SIVER",
                "type": "DatabricksNotebook",
                "dependsOn": [],
                "policy": {
                    "timeout": "0.12:00:00",
                    "retry": 0,
                    "retryIntervalInSeconds": 30,
                    "secureOutput": false,
                    "secureInput": false
                },
                "userProperties": [],
                "typeProperties": {
                    "notebookPath": "/Shared/dataload_bronze_to_silver"
                },
                "linkedServiceName": {
                    "referenceName": "LS_ADB",
                    "type": "LinkedServiceReference"
                }
            },
            {
                "name": "SILVER_TO_GOLD",
                "type": "DatabricksNotebook",
                "dependsOn": [
                    {
                        "activity": "BONZE_TO_SIVER",
                        "dependencyConditions": [
                            "Succeeded"
                        ]
                    }
                ],
                "policy": {
                    "timeout": "0.12:00:00",
                    "retry": 0,
                    "retryIntervalInSeconds": 30,
                    "secureOutput": false,
                    "secureInput": false
                },
                "userProperties": [],
                "typeProperties": {
                    "notebookPath": "/Shared/dataload_silver_to_gold"
                },
                "linkedServiceName": {
                    "referenceName": "LS_ADB",
                    "type": "LinkedServiceReference"
                }
            }
        ],
        "annotations": [],
        "lastPublishTime": "2022-12-06T14:17:44Z"
    },
    "type": "Microsoft.DataFactory/factories/pipelines"
}