{
    "name": "Parquet1",
    "properties": {
        "linkedServiceName": {
            "referenceName": "AzureDataLakeStorage1",
            "type": "LinkedServiceReference"
        },
        "annotations": [],
        "type": "Parquet",
        "typeProperties": {
            "location": {
                "type": "AzureBlobFSLocation",
                "fileName": "part-00001-tid-5065473594644063334-ef9543cf-9b1d-4327-96e2-0f15138cbebb-54-1-c000.snappy.parquet",
                "folderPath": "gold_employee_data",
                "fileSystem": "gold"
            },
            "compressionCodec": "snappy"
        },
        "schema": [
            {
                "name": "id",
                "type": "UTF8"
            },
            {
                "name": "groups",
                "type": "UTF8"
            },
            {
                "name": "age",
                "type": "UTF8"
            },
            {
                "name": "healthy_eating",
                "type": "UTF8"
            },
            {
                "name": "active_lifestyle",
                "type": "UTF8"
            },
            {
                "name": "salary",
                "type": "INT32"
            },
            {
                "name": "purchase_value",
                "type": "UTF8"
            },
            {
                "name": "PerSalaryEMI",
                "type": "INT32"
            },
            {
                "name": "SalaryEMI",
                "type": "DOUBLE"
            },
            {
                "name": "Tenure",
                "type": "INT64"
            }
        ]
    },
    "type": "Microsoft.DataFactory/factories/datasets"
}