{
    "now": "2022-12-06T15:21:21.958Z",
    "perfNow": 380857.60000014305,
    "diagnosticCorrelation": "99d25123-ccbf-4e17-bb7b-89b75c47907d",
    "source": "DownloadSupportFiles",
    "environment": {
        "productName": "adf",
        "buildVersion": "1.0.113022.16",
        "environmentType": 3,
        "resourceName": "hackadfingest",
        "resourceRegion": "eastus",
        "resourceGroup": "hack_rg",
        "subscriptionId": "e4c0693e-a1de-4ed0-9057-90afc538d5ff",
        "sessionId": "v8K56",
        "operationId": "xAvD+",
        "gitType": "live"
    },
    "additionalInfo": {
        "selectedResource": "PL_LOAD_BRONZE_TO_SILVER_TO_GOLD",
        "selectedResourceType": "pipeline"
    }
}