{
    "name": "PL_LOAD_GOLD_SQLDB",
    "properties": {
        "activities": [
            {
                "name": "ADLS_TO_SQLDB",
                "type": "Copy",
                "dependsOn": [],
                "policy": {
                    "timeout": "0.12:00:00",
                    "retry": 0,
                    "retryIntervalInSeconds": 30,
                    "secureOutput": false,
                    "secureInput": false
                },
                "userProperties": [],
                "typeProperties": {
                    "source": {
                        "type": "ParquetSource",
                        "storeSettings": {
                            "type": "AzureBlobFSReadSettings",
                            "recursive": true,
                            "enablePartitionDiscovery": false
                        }
                    },
                    "sink": {
                        "type": "AzureSqlSink",
                        "writeBehavior": "insert",
                        "sqlWriterUseTableLock": false,
                        "tableOption": "autoCreate",
                        "disableMetricsCollection": false
                    },
                    "enableStaging": false,
                    "translator": {
                        "type": "TabularTranslator",
                        "typeConversion": true,
                        "typeConversionSettings": {
                            "allowDataTruncation": true,
                            "treatBooleanAsNumber": false
                        }
                    }
                },
                "inputs": [
                    {
                        "referenceName": "Parquet1",
                        "type": "DatasetReference"
                    }
                ],
                "outputs": [
                    {
                        "referenceName": "AzureSqlTable1",
                        "type": "DatasetReference"
                    }
                ]
            }
        ],
        "annotations": [],
        "lastPublishTime": "2022-12-06T14:50:52Z"
    },
    "type": "Microsoft.DataFactory/factories/pipelines"
}